代碼,面向,重大議題,重點定義 (人工編碼參考_已調整),關聯關鍵字 (人工編碼參考_已調整),完整定義 (大型語意模型用_尚未修正)
F0001,經濟,財務風險,財務風險是指投資者或企業在財務活動中可能遭受的損失風險 ，因此財務風險管理旨在識別、評估和控制各種可能導致財務損失的風險 ，以確保公司財務的安全和穩定。,財務風險 /  整體財務風險 / 財產損失風險 / 財務決策風險 / 財務槓桿風險 / 財務管理風險 / 財務投資風險 / 財務運作風險 / 財務結構風險 / 財務危機風險,"財務風險指投資者或企業在財務活動過程中,可能遭受損失的風險,包括信用風險、市場風險、流動性風險等。財務風險管理是指識別、評估和控制這些風險,確保財務活動的可持續性和安全性。（ㄧ）信用風險：客戶或借款人未能按時還款或完全違約的風險。（二）市場風險：由於市場價格（如股票價格、利率、匯率等）波動而導致的風險。（三）流動性風險：在需要資金時無法及時獲得現金或變現資產的風險。"
F0002,經濟,法規風險,法規風險是指企業因未能遵守法律法規而遭受的損失，包括處罰、賠償責任、合約失效和營運中斷等，這些風險可能來自新法規的頒布、法規解釋變更或執法不一致。,政策法規風險/法遵風險/法律風險/交易過程法律風險/ 法律與訴訟風險/法律合規風險/違法風險/法務風險/法律變動風險/法律政策風險,"法規風險是指企業在經營活動中,因未能及時瞭解並遵守有關法律、法規而導致的各種法律後果和損失,包括面臨處罰、賠償責任、合約失效、營運中斷等。這些法規風險可能來自於新法規的頒布、解釋的變更,或因為法規不明確或執法不一致而帶來的風險。（一）處罰：因違反法律法規而被罰款或其他處罰。（二）賠償責任：因違反合同條款而需賠償合同相對方的經濟損失等。（三）合約失效：合約中包含違反現行法律法規的條款，導致合約無效等。（四）營運中斷：因違反法規被政府下令暫停營業，進行整改或調查等。"
F0003,經濟,市場風險,市場風險是指因市場價格變動而造成的損失風險，影響市場價格變動的因子除商品價格外，還包括利率、匯率、股價等。,市場風險/ 營運策略市場風險/ 市場變動風險 / 市場競爭風險/ 行銷市場風險/ 市場需求劇變風險/ 金融市場風險/ 市場開發風險/ 整體市場風險/市場營運風險/ 市場價格風險,市場風險是指因市場價格（如利率、匯率、股價和商品價格) 變動而造成資產負債表內外部位可能產生損失的風險。（ㄧ）利率風險：市場利率變動影響企業的借貸成本和投資回報。（二）匯率風險：外匯交易中的匯率變動導致即期交易和未來交易損失。（三）股價風險：企業持有的股票價格變動影響其資產價值。（四）商品價格風險：企業所需原材料價格變動影響生產成本和盈利能力。
F0004,經濟,營運風險,營運風險是指企業在日常運作中面臨突然中斷的各種潛在威脅，如：經營權轉換、法規遵從、營運季節性波動或系統故障，這些風險可能對企業的收益和聲譽造成負面影響。,營運持續性風險/營運中斷風險/營運管理風險/經營風險/企業營運風險/營運安全風險/營運資金週轉風險 / 經營權風險,"營運風險指企業在營運過程中遇到的各種風險,例如經營權轉換、遵循法令與否、營運淡旺季、系統故障等。這些風險可能會影響企業的收益或聲譽。（ㄧ）遵循法令與否：是否符合監管機構對特定行業或操作的規定和要求。（二）營運淡旺季：如何因應淡旺季變化以維持穩定收入、淡旺季變化對供應鏈管理和庫存成本的影響。（三）系統故障：系統故障導致業務運營的暫停或中斷情況。"
F0005,經濟,資訊安全風險,資訊安全風險是指對組織資訊安全造成損害或影響的可能性，包括：技術疏失、人為疏失、和自然災害。,資訊安全風險/資安風險/數位資訊安全風險/資訊系統管理風險/網路安全風險/病毒入侵風險,資訊安全風險是指由於外部或內部因素對組織資訊安全造成損害或影響的可能性，涉及機密性、完整性和可用性等方面。資訊安全風險的類型包括技術性風險（如系統漏洞）、人為風險（如員工疏忽）和自然災害風險（如火災或水災）。（ㄧ）技術性風險：軟體或硬體中存在的安全漏洞，可能被攻擊者利用來進行未授權的訪問或操作。病毒、勒索軟件等惡意軟件攻擊，對系統和數據造成威脅。（二）人為風險：內部人員有意或不當行為導致的資訊安全威脅，如故意洩露機密信息或破壞系統。（三）自然災害風險：如地震、颱風等自然災害對資訊基礎設施的不利影響。
F0006,經濟,信用風險,信用風險指的是借款人或交易對象因財務狀況惡化或其他因素無法還款，讓債權人可能蒙受損失的風險。,信用風險/客戶信用風險/信譽風險/違約風險/誠信風險,信用風險是指借款人或交易對象因企業本身體質惡化或其他因素，導致無法履行還款義務，造成債權人可能蒙受損失的風險。影響信用風險程度的原因，包括：（ㄧ）借款人之財務狀況：債務償付能力（如利息保障倍數、債務覆蓋率）。（二）經營環境與行業風險：市場需求和產品或服務的可替代性。（三）歷史信用記錄：過去的還款紀錄和違約事件。（四）突發事件：企業內部的重大變動，如高層管理人員變動。（五）契約條款：資金用途的明確性和合規性。 
F0007,經濟,匯率風險,匯率風險是指因匯率變動影響投資或貿易，使外幣計價的資產或貸款價值波動的風險，如：匯率波動影響進出口成本和收益、政策變動影響匯率、匯率變動影響海外市場銷售，以及外幣資產在財報中的價值變動。,匯率風險/匯率的變動風險/匯兌風險/外匯風險/匯兌損失風險/外匯合約規避風險,匯率風險( Foreign Exchange Rate Risk )，是指投資人在投資海外證券，或是廠商在進行對外貿易期間，因為匯率發生變動，以致在投資到期或交易完成貸款收付時，以外幣計價的證券價值或貸款價值跟著發生變動的風險，稱為匯率風險。（ㄧ）交易風險：匯率波動影響進出口商品的成本和收益。（二）市場和政策風險：匯率政策的變動（如政府干預和匯率制度的改變）。（三）經濟風險：匯率變動影響企業在海外市場的銷售和市場佔有率等。(四)折算風險：外幣資產和負債在財務報表中的價值變動。
F0008,經濟,利率風險,利率風險是指利率變動對投資造成的損失。利率上升時，債券價格下降；利率下降時，債券價格上升。具體包括：長期債券價格波動、再投資收益率變動、收益率曲線變動、央行利率決策、信用利差變動和宏觀經濟變化的影響。,利率風險/利率的變動風險/利率敏感性風險/資金利率風險/流動性及結構性利率風險/銀行薄利率風險/利率上漲風險/,利率風險是指利率變動可能對投資組合造成的損失。當利率上升時，債券價格通常會下降，這會導致投資者蒙受損失。反之，當利率下降時，債券價格通常會上升，這會為投資者帶來收益。（一）價格風險：長期債券對利率變動更為敏感，價格波動更大。（二）再投資風險：當利率下降時，到期債券的本金和利息再投資時的收益率降低而當利率上升時，再投資的收益率提高，但現有債券價格下降。（三）收益率曲線風險（四）基準利率風險：央行利率決策對市場利率的影響。（五）信用利差風險：信用風險高的債券對利率和信用利差的變動更為敏感。（六）宏觀經濟風險：經濟增長、就業率、消費支出等宏觀經濟指標的變化對利率的影響。
F0009,經濟,流動性風險,流動性風險是指企業有資金需求時，無法以合理價格將資產轉換為現金，或無法以合理價格借入資金來償還債務的風險，如：市場上資產難以快速賣出、短期內難以借到資金、資金來源過於集中。,流動性風險/企業流動性風險/市場流動性風險/資金流動性風險/現金流流動性風險/流動調度風險,流動性風險是指企業無法在有資金需要時，以合理價格將資產轉換為現金，或無法以合理價格借入資金來償還到期債務的風險。（一）市場流動性風險：資產在市場上難以快速賣出或是市場交易量低導致價格波動加大。（二）融資流動性風險：金融機構難以在短期內借到資金、借貸市場流動性收縮（三）資金集中風險：資金來源過於集中在少數投資者或機構。
F0010,經濟,產業變動風險,產業變動風險是指因企業所處的產業，受整體產業經營環境的外部因素所影響，如：經濟周期波動、技術創新、氣候變遷、消費者需求變化以及政府政策和法規變更等，對公司所處產業產生衝擊。,科技改變及產業變化風險/產業變動風險/產業環境風險/環境變化風險 / 新型競爭者風險,產業變動風險是指因國內外經濟因素、科技、環境及消費型態的變動所導致對公司經營產業的衝擊。（一）經濟因素：國內外經濟周期的變動（如經濟衰退或繁榮）（二）科技變遷：新技術的出現和應用（三）環境因素：氣候變遷對產業的影響（四）消費型態變化：消費者偏好和需求的轉變（五）政策和法規變動：政府政策和產業法規的變更。
F0011,經濟,進、銷貨風險,進、銷貨風險指企業在採購和銷售過程中可能面臨的風險。進貨風險包括供應商失靈、交貨延誤、品質不符合預期、價格波動等；銷貨風險則涉及客戶付款延遲、市場需求波動、競爭加劇、產品質量問題。,進貨風險/銷貨風險/進貨或銷貨集中風險/延遲交貨風險/物料供應風險/原物料供需風險/存貨風險/斷料風險/庫存呆料風險/銷貨通路風險,進、銷貨風險指的是企業在進行採購和銷售過程中可能面臨的潛在風險。這些風險可能包括但不限於：進貨風險：指企業在採購原材料、產成品或服務時可能面臨的各種風險，例如供應商失靈、交貨延誤、品質不符合預期、價格波動等。銷貨風險：指企業在銷售產品或服務時可能面臨的各種風險，例如客戶付款遲延或拖欠、市場需求變動、競爭壓力增加、產品質量問題等。（一）進貨風險：供應商失靈或倒閉、交貨延誤或不完全、品質不符合預期標準、價格波動對成本的影響（二）銷貨風險：客戶付款遲延或拖欠、市場需求波動或下降、競爭加劇導致銷售壓力增加、產品或服務質量問題影響顧客滿意度。
F0012,經濟,供應鏈風險,供應鏈風險是指在物資流通過程中可能出現的不確定性，而影響企業的穩定運營，包括：運輸成本上升、交通事故和延誤；供應商經營不善或倒閉；突發事件導致供應鏈中斷；商業合作夥伴關係變動和市場需求變化等。,合作廠商服務不佳風險/供應商風險/供應鏈管理風險/供應鏈永續風險/供應鏈中斷的風險/供應鏈之未合規風險/合作夥伴風險/供應鏈安全風險/供應商企業社會責任風險,"供應鏈風險是指因物資經由供應鏈流經眾多的生產流通企業到用戶而產生的不確定性,包括商流、物流和信息流的風險,例如運輸、供應商資格、產品和服務品質等。（一）運輸風險：運輸成本上升、交通事故和延誤。（二）供應商風險：供應商經營不善或倒閉。（三）供應鏈中斷風險：突發事件導致供應鏈中斷、供應鏈節點單一化風險。（四）商流風險：商業合作夥伴關係變動、市場需求變化。"
F0013,經濟,投資風險,投資風險指企業在投資過程中可能發生的損失，包括本金、收益和機會成本的損失，例如：投資標的價值下跌（股票市值下跌、破產）、難以變現或投資決策失誤等。,設備投資風險/投資風險/投資人風險/高槓桿投資風險/企業投資風險/財務投資風險/策略性投資風險/,投資風險是指投資過程中可能發生的損失，包括本金損失、收益損失和機會成本損失。 投資風險主要包括以下幾種類型：（一）市場風險：指因市場波動導致投資價值下降的風險，例如股票市場下跌、匯率波動等。（二）信用風險：指因投資標的違約導致投資價值下降的風險，例如公司破產、債券違約等。（三）流動性風險：指因投資標的難以變現導致投資價值下降的風險，例如投資於非公開交易的股票或房地產等。（四）操作風險：指因投資決策失誤或操作不當導致投資價值下降的風險，例如投資於不了解的產品或過度頻繁交易等。
F0014,經濟,策略風險,策略風險指企業因經營策略的決策失誤而產生的損失風險，例如：未考慮市場變化、策略執行不力、低估新市場的挑戰與機會、競爭對手強勢反應、產品替代風險、以及法規政策變動等因素。,跨國經營風險/策略營運風險/策略風險/策略佈局風險/經營策略風險/銷售策略風險/組織策略風險/策略業務風險,策略風險（Strategic Risk）係指因經營策略失誤， 而產生損失之風險。因不適當策略或是企業營運環境的改變而導致的風險，例如訂定策略時未進行詳細的研究及分析、未充分考慮市場變化、競爭對手行動等因素，導致策略失敗或無法達成預期目標。（一）策略制定風險：未考慮市場變化和趨勢、忽略競爭對手的行動、過於樂觀的假設和預測。（二）執行風險：策略執行不力或錯誤。（三）市場風險：新興市場的挑戰和機會。（四）競爭風險：現有競爭對手的強勢反應、產品或服務被替代的風險。（五）外部環境風險：法規政策變動。
F0015,經濟,新技術、產品及服務開發,新技術或新產品開發風險是指由外部環境的不確定性、創新項目本身的難度與複雜性、企業自身能力與實力的有限性，而導致企業的技術或產品創新活動達不到預期目標的損失風險。,研發風險/產品需求風險/新產品研發風險/研究與發展風險/新技術與新設備風險/技術風險/開發風險/創新技術風險/新產品上市風險/新產品應用投資風險,新技術或新產品開發風險，是指由外部環境的不確定性、技術創新項目本身的難度與複雜性、創新者自身能力與實力的有限性，而導致技術創新活動達不到預期目標的可能性，而技術風險又可分為：(一) 技術風險：關鍵技術難突破、實驗設備缺乏；(二)市場風險：新產品的功能屬性特殊或因消費者慣性等因素，一時難被市場所接受；(三) 財務風險：研發資金不足、融資不順；(四)政策風險：不符合國家或地方的科技政策、環保政策或外貿政策等；(五)生產風險：量產困難、生產技術難度高、生產周期過長或生產成本太高等；(六)管理風險：組織協調不力、領導人決策錯誤、市場調研不正確等。
F0016,經濟,道德風險,道德風險指的是在契約簽訂或交易完成後，因信息不對稱，一方利用資訊優勢損害另一方利益。例如，隱瞞關鍵資訊、在利益衝突下做決策或將風險轉嫁給資訊不足的一方，導致對方做出錯誤決策。,貪污及賄賂風險/不誠信行為風險/誠信經營風險/貪腐風險/道德風險/勞工道德風險/商業道德風險/道德與倫理作為的風險/不當交易風險,道德風險是在「事後」（契約簽訂或交易完成後）因交易雙方握有不同程度之資訊而存在資訊不對稱，資訊相對充分之一方為追求自身利益極大下作出損害另一方之作為。（一）信息不對稱：交易雙方掌握的信息不同。（二）不當行為：隱瞞關鍵資訊，導致另一方做出錯誤決策。（三）利益衝突：一方在有利益衝突的情況下做出決策。（四）風險轉嫁：將風險轉嫁給資訊不足的一方。
F0017,經濟,通貨膨脹風險,通貨膨脹風險是指由於物價上漲，導致存款或投資的實際價值減少的風險。,通貨膨脹風險/資產泡沫風險/物價風險,通貨膨脹風險，又稱為「購買力風險」，是指由於通貨膨脹因素導致銀行成本增加或實際收益減少的可能性。 通貨膨脹也會使銀行資產的實際收益下降。 資產實際收益率等於資產名義收益率減去通貨膨脹率，通貨膨脹率越高，資產實際收益率越低，當通貨膨脹率高於資產名義收益率時，資產實際收益率即為負數，資產的實際購買力反而下降了。
F0018,經濟,設備風險,設備風險指的是設備在使用過程中可能造成的危害或損失，包括對人員的傷害（如機械、噪音、化學傷害）、對環境的污染（如空氣、水污染）以及對財產的損失（如設備故障增加維修成本、停機造成經濟損失）。,消防及建築物安全風險/醫療器材風險/工安風險/維修風險/廠務設備供應風險/基礎設備故障風險/廠房風險/消防與設備設施安全風險/設施風險/停電風險/職安風險,設備風險是指設備在使用過程中可能發生的危害或損失，包括對人員、環境和財產的損害。（一）對人員的損害：包括機械、噪音、化學、心理傷害。（二）對環境的損害：污染風險（空氣污染、水污染、噪音汙染）、生態破壞。（三）對財產的損害：設備故障導致維修成本上升、機器損壞導致停機造成經濟損失。
F0019,經濟,商譽受損,商譽受損是指因公司聲譽/企業形象受損而影響到金融資本、社會資本或市場佔有率的風險。,聲譽風險/商業聲譽風險/企業形象風險/名譽風險/信譽風險/商譽減損風險/品牌形象風險,商譽受損是指因公司的聲譽受損而影響到金融資本、社會資本或市場佔有率的風險，商譽損害類型包括（一）企業形象受損：品牌信任度下降、消費者對企業產品或服務的信心減弱。（二）法律及財務後果：遭受法律訴訟、支付賠償金和法律費用。（三）市場份額減少：顧客流失。（四）競爭劣勢：失去市場競爭力。（五）合作關係受損：供應商和合作夥伴信任度降低。
F0020,經濟,採購風險,採購風險是指在採購過程中可能發生的不確定事件，導致目標無法達成或成本增加。這些風險包括供應商失靈、交貨延誤、產品質量不合格、運輸中斷、市場需求變化、預測錯誤，以及技術更新導致原材料不再適用等。,物料採購風險/採購風險/採購驗收付款管理風險/採購成本及庫存風險/採購管道風險/採購發包風險,採購風險是指在採購過程中可能發生的不確定事件，這些事件可能導致採購目標無法達成，或造成成本增加、時程延誤等負面影響。（一）供應商風險：供應商失靈或倒閉、供應商無法按時交貨、供應商提供的產品或服務質量不符合要求。（二）物流風險：運輸延誤或中斷、運輸過程中產品損壞或丟失。（三）需求變動風險：市場需求變化導致訂單變動、預測錯誤導致過量或不足採購。（四）技術風險：技術更新或替代導致原材料或產品不再適用。
F0021,經濟,業務風險,業務風險是指企業在業務與銷售拓展過程中，面臨各種不確定因素，所造成盈利、業績、或服務成果不佳的負面影響。,業務責任風險/業務風險/客戶集中風險/客戶服務風險/行銷風險,業務風險是指企業在經營過程中可能遭遇的各種不確定性因素，這些因素可能會對企業的盈利能力、資產安全或聲譽造成負面影響。（一）市場風險：市場需求變動、競爭對手策略、消費者偏好轉變。（二）行銷風險：廣告效果不佳、行銷策略失敗、品牌形象受損。（三）財務風險：資金鏈斷裂、現金流不足、匯率波動。（四）運營風險：生產中斷、供應鏈問題、人員流失。（五）法律風險：合規性問題、訴訟風險、政策變動。（六）技術風險：技術更新失敗、數據泄露、網絡攻擊。
F0022,經濟,資產管理風險,資產管理風險指因企業因管理資產配置與資產價值不善時，可能導致的潛在損失。,資產風險/資產負債配置風險/資金曝露風險/資產負債管理風險/資本支出風險/企業資產風險,"資產管理風險是指因組織資產管理不善而導致的潛在損失。這包括財務、聲譽、法律和作業等風險。有效的資產管理可以降低這些風險,確保資產得到妥善保護和利用。（一）財務風險：資產價值減損、投資決策失誤、資金流動性不足。（二）聲譽風險：資產管理不當引發的負面媒體報導、客戶信任下降。（三）法律風險：不合規的資產管理操作導致的法律訴訟、罰款或制裁。（四）作業風險：資產管理流程中的操作失誤、管理系統故障、資產遺失或被盜。（五）市場風險：市場價格波動對資產價值的影響。（六）技術風險：管理系統的數據泄露或網絡攻擊。（七）人員風險：關鍵管理人員流失或專業能力不足。"
F0023,經濟,品質風險,品質風險指可能影響產品或服務質量的不確定因素。,產品品質風險/品質不良風險/品質管理風險/品管流程風險/品質與滿意度風險/產品質量風險,"品質風險是指可能影響產品或服務質量的不確定性因素。根據ISO 9000:2015標準,風險被定義為「不確定性之影響」,即可能導致預期結果偏離的因素。品質風險管理旨在識別、分析和評估這些潛在風險,以採取適當措施來預防或降低其影響。（一）製造過程風險：生產中可能發生的錯誤或缺陷。（二）供應商品質風險：供應鏈中供應商產品或服務質量不符合期望。（三）設計變更風險：產品或服務設計變更可能導致的質量問題。（四）人為錯誤風險：人員操作或管理不當可能引起的品質問題。（五）市場需求變化風險：市場需求變化對產品或服務質量的影響。（六）技術變更風險：技術更新或變更對產品或服務品質的影響。（七）測試與驗證不足風險：測試和驗證程序不完善可能導致未檢測到的品質問題。"
F0024,經濟,外在競爭,外在競爭是指企業與外部環境中其他企業的競爭關係、競爭類型與競爭程度等。,新型態競爭者風險/新型競爭風險/競爭風險/市場競爭風險/同業競爭風險/產業競爭風險/產品競爭風險,外在競爭是指企業與外部環境中其他企業的競爭關係，包括產業競爭、市場競爭、區域競爭、國際競爭等。外在競爭的影響因素包括產業結構、競爭者數量、競爭者規模、競爭者策略、市場需求、政府政策等。（一）產業競爭：同一行業內不同企業之間的競爭（二）市場競爭：在特定市場中不同企業爭奪市場份額和客戶（三）國際競爭：跨越國界，企業與來自其他國家的企業之間的競爭（四）技術競爭：企業之間在技術創新和研發能力上的競爭（五）價格競爭：企業通過價格策略來競爭。
F0025,經濟,智慧財產風險,智慧財產風險是指企業在商業活動中可能被他人侵犯或侵犯他人的智慧財產權（如專利、商標、著作權等），導致法律責任或經濟損失的風險。,智慧財產權風險/專利風險/專利訴訟風險/專利侵權風險/智慧財產管理風險/知識產權風險/智財侵權風險,智慧財產風險是指在進行商業活動時，可能侵犯到他人的智慧財產權，例如專利、商標、著作權等，而導致產生法律責任或經濟損失的可能性。（一）專利風險：開發新產品時侵犯現有專利（二）商標風險：使用與他人註冊商標相似的標誌（三）著作權風險：未經許可使用受著作權保護的內容（如音樂、圖片、文字等）（四）貿易機密風險：員工洩露公司機密資料給競爭對手。
F0026,經濟,內部控制,內部控制是企業用來確保其運營、報告和合規目標達成的過程。,內部控制風險,內部控制是指由企業董事會、管理階層與其他成員負責設計及執行的一種過程，以合理確認營運、報導與遵循等相關目標之達成。它包含三個主要目標：營運目標、報導目標和遵循目標。（一）營運目標：資源有效利用（確保資源配置和使用的效率）、資產保護（防止資產被盜用、損壞或浪費）、業務流程效率（提升業務流程的效率和效果）。（二）報導目標：財務報表準確性（保證財務報表的真實性和可靠性）、內部報告質量（確保內部報告的準確性和及時性）（三）遵循目標：法規遵循（遵守適用的法律、法規和政策）、內部政策遵循（遵守公司內部的政策和程序）。
F0027,經濟,保險風險,保險風險係指經營保險本業於收取保險費後，承擔被保險人移轉之風險，依約給付理賠款及相關費用時，因非預期之變化造成損失之風險。,保險風險/被保險人移轉風險/核保風險/理賠風險,保險風險係指經營保險本業於收取保險費後，承擔被保險人移轉之風險，依約給付理賠款及相關費用時，因非預期之變化造成損失之風險。可能導致保險公司損失的事件或情況。它包括各種因素，例如被保險人死亡、受傷、生病、財產損失或責任索賠。保險公司會根據這些風險評估保費，以確保有足夠的資金來支付索賠。（一）生命風險：被保險人死亡或重大疾病。（二）健康風險：被保險人受傷、生病或需要醫療服務。（三）信用風險：保單持有人或再保險公司無法履行支付義務。（四）流動性風險：保險公司無法及時支付保單持有人的索賠。（五）法律及合規風險：新法律法規的變更可能影響保險公司的運營和成本。
F0028,經濟,價格風險,商品價格風險是指因市場價格的不確定性，對企業的物質商品資產所帶來的收益或損失。,價格風險/存貨跌價風險/價格波動風險/價格下跌風險/大宗材料漲價風險/價格競爭風險,商品價格風險是指因市場價格的不確定性對企業的物質商品資產所帶來的收益或損失。企業商品價格風險可分為直接商品價格風險和間接商品價格風險。
F0029,經濟,背書風險,背書風險是指背書人因被背書人未能履行債務而需承擔償還責任的風險。,背書保證風險/背書風險,背書風險是指背書人因被背書人未履行債務而需負擔償還責任的風險。背書人可能需要承擔的責任包括償還本金、利息、違約金等。（一）償還本金：背書人需償還未履行的本金。（二）支付利息：背書人需支付因未履行債務而累積的利息。（三）違約金：背書人需支付因違約而產生的罰款或違約金。（四）法律費用：背書人可能需要支付因法律訴訟產生的費用。（五）其他相關費用：背書人可能需要承擔的其他與債務相關的費用。
F0030,經濟,公司治理風險,公司治理風險是指公司內部管理架構設計不當或執行不完善，可能導致公司經營不穩定，進而影響其整體價值，對投資者利益構成威脅。,公司治理風險/董監事及經理人管理責任風險/董事會治理風險/決策風險/董事會決策風險,公司治理風險是指公司治理制度設計不合理或運行機制不健全，可能導致公司持續經營不穩定，進而影響公司總價值，最終威脅投資者利益。 這些風險可能來自多方面，單獨來看可能潛伏期長、威脅有限，甚至不易察覺，但隨著時間累積，各種風險相互作用，最終可能導致總爆發。（一）董事會結構風險： 董事會成員缺乏獨立性或專業知識，無法有效監督管理層。（二）高管職能風險： 高層管理者能力不足或缺乏適當的業務經驗，影響戰略決策和公司運營。（三）信息透明度風險： 公司財務報告不准確或不透明，影響投資者對公司真實狀況的理解。（四）利益衝突風險： 董事、高管或股東的利益與公司整體利益存在衝突，導致決策不公平或不符合公司最佳利益。（五）合規風險： 公司未能遵守法律法規和行業標準，面臨罰款、訴訟或其他法律後果。（六）財務管理風險： 資金管理不當、財務結構不穩或財務報表造假，影響公司財務健康。（七）監控機制風險： 公司內部控制不足或審計程序不完善，增加財務舞弊和資產損失風險。（八）風險管理文化風險： 公司未能建立良好的風險管理文化和制度，無法有效應對各類風險。（九）股東權利風險： 股東的權利未能得到充分保障，可能影響公司的治理效能和長期發展。
F0031,經濟,成本風險,成本風險是指企業在投資、運營或開發計畫中，因為未準確估計成本或未來成本變化的不確定性而可能遭受損失的風險。,低碳轉型成本風險/成本增加風險/成本風險/人工成本上揚風險/採購成本及庫存風險/營造成本風險/資金成本風險/勞動力成本風險/生產成本風險/生活成本風險,成本風險是指企業在進行投資、營運或開發計畫時，由於成本估算不當或未來成本變動不確定性而導致的損失風險。這可能包括原物料成本上漲、勞動力成本增加或貨幣貶值等因素。（一）原物料成本風險：原材料價格上漲、原材料供應不足。（二）勞動力成本風險：法定最低工資上調、員工培訓和發展成本上升。（三）運營成本風險：維護和保養成本。（四）財務成本風險：利率、匯率、通膨風險。
F0032,經濟,稅務風險,稅務風險指的是企業面臨經營所在地的稅率波動或財務會計準則調整所影響。,稅務風險/關稅壁壘風險/稅務治理風險/稅務政策風險/稅收風險 / 會計風險,稅務風險是指對未來租稅負擔可能波動的情形，是對未來稅負的不確定，且未來有效稅率異常波動主要是導因於稅務機關的質疑。（一）合規風險：報稅錯誤、遲報或漏報、不當的稅務規劃。（二）稅率和稅制變動風險：稅率上調、稅收政策變更。（三）交易和業務結構風險：跨境交易風險、企業重組風險。（四）與稅務機關的爭議風險：稅務糾紛。
F0033,經濟,企業社會責任風險,企業社會責任風險指的是企業在履行社會責任時可能面臨的各種損失和潛在影響，涉及環境、社會、員工權益和商業管理等方面。,企業永續發展風險/社會責任風險/社會責任道德風險,企業社會責任風險是指企業在履行社會責任過程中可能面臨的損失、風險以及承擔的責任和可能引發的不良影響。這些風險可能涉及環境、社會、勞工權益、商業治理等範疇。（一）環境風險：污染排放、廢棄物處理（二）社會風險：社區影響、企業活動對公共安全的影響等（三）勞工權益風險：工作環境、工時和工資、勞工權益保障（四）商業治理風險：合規風險、透明度和問責制（五）經濟風險：經濟可持續性。
F0034,經濟,系統性風險,系統性風險又稱為不可分散風險，是影響整個市場且不能透過資產組合而消除的風險，例如：天災人禍、金融海嘯、重大政策調整等。,系統性風險/全球系統性不確定風險/股市系統性風險,系統性風險，又稱市場風險、不可分散風險，是影響所有資產的、不能透過資產組合而消除的風險。這部分風險是由那些影響整個市場的風險所引起的，例如：戰爭、政權更迭、自然災害、經濟週期、通貨膨脹、能源危機和宏觀政策調整。系統性風險 = 大盤風險，像是天災人禍、金融海嘯，指廣泛的市場因素。這種風險無法分散、避免，包含了經濟、利率變動所造成的風險。（一）經濟風險：高通貨膨脹、高失業率（二）政治風險：重大政策調整（三）自然風險：自然災害、氣候變化（四）金融風險：金融危機、貨幣貶值（五）能源風險：可再生能源政策推行、能源供應中斷（六）技術風險：技術變革。
F0035,環境,氣候變遷風險,氣候變遷風險為因氣候有關的災害可能帶來的經濟損失。,氣候變遷風險/環境及氣候風險/極端氣候風險/氣候潛在風險/氣候變遷財務風險/產業氣候變遷風險/災害風險,氣候變遷風險包含一階風險和二階風險。一階風險主要是與氣候相關的災害，如熱浪、強降雨、洪水等，會帶來經濟損失。而二階風險則是指轉型風險，例如監管、科技、市場變化等，可能對商業結構帶來非計劃性或突然性影響。（一）一階風險（與氣候相關的災害）：高溫導致的農作物減產、強風引起的基礎設施破壞、長期乾旱導致農業損失（作物失收、牲畜死亡）等等。（二）二階風險（轉型風險）：監管風險（碳交易價格上漲）、技術風險（傳統技術被淘汰）、財務風險（災害頻發導致保險費用增加）等等。
F0036,環境,環境法規風險,環境法規風險是指企業因遵守或違反相關環境法律規定而可能面臨的損失或負面影響，包括法律遵守成本、罰款、訴訟風險等。,環境政策法規風險/環境法規風險/環保法規變動風險/再生能源法規風險,環境法規風險指企業或組織在遵守或不遵守相關環境法律、法規和標準時可能面臨的損失或負面影響。這些風險源於環境法規的制定、執行和遵守過程中的不確定性和變化性，涉及法律遵循、違規罰款、訴訟風險、公眾和利益團體的反應等方面。
F0038,環境,環境安全衛生風險,環境安全衛生風險指企業在業務活動中可能導致員工人身安全或身心健康受到損害或危害的潛在風險。,人員健康與安全風險/職業安全風險/安全衛生風險/工程風險/職業安全衛生管理風險/職業災害風險/施工或操作風險,環境安全衛生風險指企業或組織在其業務活動中可能導致員工、公眾或環境受到損害或危害的潛在風險。這些風險通常與環境、健康和安全（EHS）管理有關。
F0039,環境,災害風險,災害風險指經由自然或人為危害而引發損失及傷亡的可能性。,火災風險/複合型災害風險/暴雨淹水風險/重大天災風險/災害事故風險/氣候災害風險/自然災害風險/人為事故風險,災害風險指經由自然或人為危害而引發損失及傷亡的可能性。在台灣，自然災害風險主要指颱風、洪水、淹水、土石流、崩塌等災害類型的風險。（一）自然災害風險：地震導致房屋坍塌、洪水及乾旱影響農作等等。（二）人為災害風險：工業事故，例如化學品洩漏、交通事故，例如：大規模交通事故、建築物倒塌，例如：結構設計缺陷。
F0040,環境,原物料風險,原物料風險是指企業在採購、儲存、運輸、使用或處理原料時可能遭遇的損失、損害或負面影響的風險。,原物料風險/原料輸儲風險/原料價格風險/原物料供應風險/原料與產品運輸風險/原物料來源風險/原料採購風險,原物料風險是指企業在採購、儲存、運輸、使用或處理原物料過程中所面臨的各種損失、損害或負面影響的可能性，這可能包括價格波動、供應中斷、品質問題等。（一）價格風險：價格波動、匯率波動（二）供應風險：過度依賴單一供應商、供應商倒閉或破產（三）品質風險：品質問題（四）儲存風險：存儲環境不符合要求（五）使用風險：使用過程中的錯誤操作、原物料廢棄物處理不當。
F0041,環境,作業風險,作業風險是指所有因內部作業、人員及系統之不當與失誤，或其他外部作業與相關事件，所造成損失之風險。,作業風險/產能風險/製程風險/流程管理風險,「作業風險」定義為「肇因於不適當或失敗的內部作業流程、人員與系統、或由外部事件而造成損失之風險」。 相關因素包括：內部舞弊、外部詐欺、聘僱作業與職場安全、客戶與商品及經營實務、資產設備毀損、營業中斷與系統失效、執行與交接及流程管理等。（一）內部舞弊：資產挪用、貪污和賄賂。（二）外部詐欺：供應商詐騙、客戶詐騙。（三）供應鏈管理風險：供應鏈中斷、供應商管理不當（四）產能風險：產品瑕疵、產品安全問題。（五）流程管理風險：流程設計缺陷、流程執行失誤。
F0042,環境,環境風險,環境風險指企業經營活動對環境生態造成損害的程度。,環境風險/一次性塑料使用風險/環境變遷風險/生態風險,是指「危害發生的機率與危害嚴重程度的組合」，這意味著評估環境風險時需要考慮事件發生的可能性以及對環境的嚴重影響。（一）水質污染（二）空氣污染（三）土壤污染（四）生態系統破壞（五）健康風險：人體健康受到影響（呼吸道疾病、癌症等）（六）社會影響：生活質量下降（七）經濟損失：農作物減產、水資源短缺、基礎設施損壞。
F0043,環境,污染風險,污染風險指企業經營活動所產生的廢棄物對環境生態造成損害的程度。,污染物洩漏風險/廢氣排放風險/環境污染風險/空污與溫室氣體排放風險/環境污染管理風險/水污染防治風險,污染風險是指人類暴露於污染物後，可能導致健康或環境損害的機率。 污染物可能來自各種來源，例如工業排放、交通工具、農業活動或自然災害。（一）空氣污染風險：煤煙、顆粒物 (PM2.5、PM10)、公共交通和貨運排放（二）水污染風險：有毒化學物質（如苯、酚類、重金屬）、化肥和農藥的洩漏（三）土壤污染風險：重金屬積累（如鉛、鎘、汞）、農藥殘留（四）噪音污染風險：工廠和機械運行產生的噪音、公路交通、鐵路和航空噪音（五）放射性污染風險：核電廠運行、醫療設備。
F0044,環境,事故、緊急應變,事故、緊急應變是指任何非預期的事件，導致企業人員傷亡或財產損失的風險。,交通意外風險/災害事故風險/緊急事件風險/人為事故風險/恐怖分子風險/重大突發事件風險/緊急事件風險,事故是指任何非預期的事件，導致人員傷亡、財產損失或環境污染。它可以是自然災害、工業事故、交通事故或任何其他導致損害的事件。緊急應變是指在事故發生後採取的行動，以保護生命、財產和環境。它包括評估情況、提供急救、疏散人員和控制損害等措施。
F0045,環境,水資源風險,水資源風險是指水資源的穩定供應受到威脅，可能導致水資源短缺或品質下降，進而造成企業損失的可能性。,水資源風險/地層下陷及乾涸風險/水災及缺水風險/水資源管理風險/水資源短缺實體風險/供水風險,水資源風險是指水資源供應受到威脅，可能導致水資源短缺或品質下降，進而造成經濟、社會和環境損失的可能性。 簡單來說，就是水資源可能無法滿足人類需求的風險。（一）水資源短缺風險：長期無雨或降雨量減少、地下水過度開採、水需求增加（二）水質下降風險：工廠廢水排放、農藥和化肥流入水體（三）社會經濟風險：城市和農村地區的用水差距（四）健康風險：飲用水安全。
F0046,環境,工程管理風險,工程管理風險是指在工程專案執行過程中，可能發生的不確定事件或狀況，導致專案目標無法達成或遭致損失。,工程管理風險/營建管理風險/工程進度風險,工程管理風險是指在工程專案執行過程中，可能發生的不確定事件或狀況，這些事件或狀況可能會導致專案目標無法達成，或造成損失。（一）計畫與時間管理風險：工期延誤、計畫不周（二）預算與成本管理風險：成本超支、預算不足（三）技術與工程風險：技術失誤、設備故障（四）法律與合規風險（五）環境與社會風險：環境污染。
F0047,環境,能源風險,能源風險是指能源系統的穩定供應與成本面臨不確定性、替代能源發展不如預期，進而造成企業損失的可能性。,能源風險/能源價格風險/能源節約風險/能源轉型風險/再生能源風險/能源管理風險/能源短缺風險,涵蓋各種能源來源，包括化石燃料、核能、再生能源等。其中，化石燃料的燃燒會產生大量溫室氣體，造成氣候變遷；核能則有放射性物質泄漏的風險；再生能源雖然相對乾淨，但仍可能造成土地利用改變或生態破壞。（一）化石燃料造成的風險：溫室氣體排放（如二氧化碳）、石油洩漏和海洋污染。（二）核能造成的風險：放射性物質洩漏風險、核廢料處理和長期儲存問題。（三）再生能源造成的風險：水壩建設對河流生態系統的影響、太陽能電池板製造過程中的化學污染等等。
F0048,環境,運輸物流風險,運輸物流風險是指在貨物運輸過程中可能發生的各種不確定事件，導致貨物損壞、延誤或其他損失。,運輸風險/產品運輸風險/運輸安全風險/運輸管理風險/物流風險/供應鏈運輸風險,運輸物流風險是指在貨物運輸過程中可能發生的各種不確定事件，這些事件可能會導致貨物損壞、延誤或其他損失。這些風險可能來自於自然災害、交通事故、政治動盪、經濟波動等因素。（一）自然災害風險：強風和暴雨導致船舶、飛機和車輛受損（二）交通事故風險：車輛碰撞、貨物掉落或損壞（三）環境風險：危險品洩漏導致環境污染（四）供應鏈風險：原材料或部件供應不及時、貨物存儲不當導致損壞。
F0049,社會,人力資源風險,人力資源風險是指企業面臨人力資源供給不足、勞動力成本大幅度上升、員工人力不穩定的風險，也包括企業由於經營管理不善或制度缺陷，導致員工對企業利益造成損害的可能性。,人權風險/人力資源風險/人才招募及流動風險/人力缺口風險/員工風險/勞工風險/勞動力短缺風險/高階人才流動風險/勞資風險,人力資源風險是指企業在人力資源管理過程中，由於經營管理不善或制度缺陷，導致員工對企業利益造成損害的可能性。（一）人權風險：企業在業務運營中可能涉及侵犯或影響到人權的各種潛在問題和風險。例如：不當工作條件或工資不公正的問題。（二）公司治理風險：公司內部不當行為或濫用權力對員工造成的傷害。（三）資料隱私風險：個人資料保護不力導致的隱私侵犯風險。（四）員工滿意度和工作效能：員工士氣下降可能導致的生產力損失。
F0050,社會,政治與社會風險,政治與社會風險是指可能對企業所在地的政治體系或社會結構造成負面影響的事件或情況。,政治風險/人口結構風險/國家風險/社會風險/社會變遷風險,政治與社會風險是指可能對政治體系或社會結構造成負面影響的事件或情況。這些風險可能源於自然災害、經濟危機、社會動盪或政治不穩定等因素。 （ㄧ）政治動盪：政府變動或政治不穩定、政治衝突或示威活動（二）法律和規範變更：法律改革或新規範對企業營運的影響、法律執行不公或不一致的風險、（三）社會不安：社會不滿或種族、宗教、性別歧視問題、社會運動或抗議活動（四）公共健康危機：流行病或公共健康事件對社會和經濟的影響、公共健康政策變化的風險（五）社會資本和公眾信任：企業社會責任或公共形象受損的風險、公眾對企業不信任或反對的情況（六）人權和社會公義：人權侵犯或社會公義缺失的風險、社會不平等問題和企業的責任。
F0051,社會,科技變化風險,科技變化風險是指因科技快速發展而產生的不確定性，可能導致企業面臨新的挑戰和威脅。,科技風險/金融科技風險/數位科技風險/科技改變及產業變化風險/科技產業變動風險/創新式科技風險,科技變化風險是指因科技快速發展而產生的不確定性，可能導致企業面臨新的挑戰和威脅。這些風險包括：（一）新技術的出現：新技術的出現可能會取代舊技術，導致企業需要重新調整其營運模式。（二）市場競爭的加劇：新技術的出現也可能導致市場競爭加劇，企業需要更加努力才能維持其競爭優勢。（三）法規的變化：政府可能會制定新的法規來規範新技術的使用，企業需要遵守這些法規才能避免法律問題。
F0052,社會,客戶服務風險,客戶服務風險就是指在幫客戶解決問題或提供服務時，可能會遇到的一些麻煩，比如客戶不滿意、服務系統壞掉、送貨延遲、收費問題、客戶不再回來、技術支持不到位，或法律問題等。,客戶信用風險/客戶集中風險/客戶服務風險/消費者投訴風險/客戶權益風險/客訴風險/客戶管理風險/客戶放帳風險/客戶交易風險,客戶服務風險是指在提供客戶服務過程中可能發生的損失或負面影響。這些風險可能來自各種來源，包括客戶、流程、技術和外部環境。（一）服務質量風險：客戶投訴或不滿意度高（二）服務運作風險：客戶信息管理不當導致的資料遺失或洩露。（三）產品或服務交付延誤風險（四）客戶關係管理風險：客戶流失率增加的風險。
F0053,社會,產品安全風險,產品安全風險是指產品可能對人身安全、健康、環境以及產品本身造成的危害。,產品責任風險/產品製造風險/貨物安全風險/食品安全風險,產品安全風險是指產品可能對人身安全、健康、環境以及產品本身造成的危害。它可以分為以下幾類：人身安全、健康、環境和產品本身的安全。產品安全風險的目標是降低產品的風險，使其符合顧客的安全標準。（一）人身安全風險：使用產品時的物理傷害、（二）健康風險：長期使用產品對健康的潛在危害（三）環境風險：產品在生產、使用或處置過程中對環境的污染。（四）產品自身風險：產品使用壽命過短或性能不穩定。（五）使用風險：產品說明書不清晰或使用方法不當。
F0054,社會,利害關係人議合失誤,利害關係人議合失誤指的是未能有效地讓各利害關係人進行溝通、參與和提供意見，可能導致關鍵利害關係人對決策不滿或無法接受。,信任風險/利害關係人交易風險/利害關係人溝通風險/利害關係人訴訟風險,「利害關係人議合」（Stakeholder Engagement）是企業在做永續策略規劃過程中一個非常重要的環節。企業透過多元途徑、廣泛地蒐集各「利害關係人」群體的關注焦點與期待，不僅是氣候變遷（Climate Change）或是生物多樣性，將ESG相關指標進行評估，以鑑別出何者是企業的「重大性議題」（Materiality），再進行風險管理與規劃營運方針。在管理和決策過程中，利害關係人議合失誤指的是未能有效地讓各利害關係人進行溝通、參與和提供意見，可能導致關鍵利害關係人對決策不滿或無法接受。（一）溝通不足：未能及時傳遞信息給所有利害關係人（二）利益衝突處理不當：未能平衡不同利害關係人之間的利益和需求（三）決策過程透明度不足：決策過程不透明，缺乏公開和公正性。
F0055,社會,疾病風險（包含COVID-19風險）,疾病風險是指由於人身所患疾病或因疾病威脅而帶來的企業經營損失的風險。,新冠疫情風險/健康風險/感染風險/流行性疾病傳染風險/傳染病風險/疾病風險/疫疾控管風險/公共衛生風險,疾病風險狹義上是指由於人身所患疾病而帶來的經濟、生理、心理等損失的風險；廣義的疾病風險則包括人身的疾病、生育以及傷害等方面存在或引起的風險。（一）經濟損失：因病缺勤導致的收入損失（二）生理損失：慢性病對生活質量的影響（三）心理損失：患病帶來的壓力和焦慮。
F0056,社會,公共設施風險,公共設施風險通常指供公眾使用的各種基礎設施或建築物可能面臨的損害或威脅，進而可能造成企業損失的風險。,公用設施風險/消防及建築物安全風險/公共危安風險/公共工程延宕風險/公共設施故障風險,公共設施風險通常指供公眾使用的各種基礎設施或建築物可能面臨的損害或威脅，可能包括人員傷亡、設施損壞、經濟損失等方面。（一）人員傷亡風險：意外事故（二）設施損壞風險：因自然、人為、技術故障所導致。（三）經濟損失風險：設施維修或重建費用、設施停運導致的收入損失。（四）社會影響風險：事故或災害導致公眾對公共設施的信任下降、政府或管理機構聲譽受損。
F0057,產業,食品安全衛生,食品安全衛生風險是指企業生產的食品對人體健康所造成危害的可能性。,食安風險/食品安全管理系統風險,為確保食品送達消費者時能有安全及衛生之保障，於食品栽培、採收、獲取、加工及調理等流程中，所採行之各項管制措施。食品衛生，也稱為食品安全，是指以降低消費者感染食源性疾病風險的方式加工、製備和儲存食品或飲料。 食品安全原則旨在防止食品受到污染並引起食物中毒。
F0059,環境,氣候變遷的實體風險（Physical risks）,氣候變遷的實體風險直接由氣候變遷所造成，可能對組織產生財務衝擊，如直接損害資產和中斷供應鏈所導致的間接影響。,氣候變遷實質風險/物理風險/缺水風險/極端氣候事件立即性風險,"氣候變遷影響相關之「實體風險」:立即性風險(Acute Risk)：以單一立即性氣候災害事件為主，如熱浪、乾旱、強降雨、異常高溫或低溫等日趨嚴重之極端氣候事件，可能影響員工的作業環境安全和身體健康,長期性風險(Chronic Risk)：氣候模式之長期變化，如因全球暖化導致洪災、野火、熱浪的發生機率增加，造成企業必須不斷提高其風險管理成本。（一）立即性風險：員工工作效率下降和健康風險增加（二）長期性風險：例如由氣候模式的長期變化，企業需要投資於水資源管理和節水技術。"
F0060,環境,氣候變遷的轉型風險（Transition risks）,氣候變遷的轉型風險指的是企業落實低碳經濟轉型所引起的政策和法規、技術、市場及名譽等風險。,轉型風險/氣候變遷轉型風險/低碳經濟轉型風險/排放交易轉型風險/投資轉型風險,轉型風險對總體經濟的影響，主要係因透過轉型低碳經濟的過程所帶來的衝擊，包括：(1)碳定價(carbon pricing)：若在沒有收入循環(revenue recycling)下，碳定價會傾向增加生產成本，廠商的生產力會下降；(2)環境管制措施會增加廠商短期的營運成本；(3)綠色公共投資與綠色補貼等措施，則有貨幣政策擴張的效果，但也要視其投資及補貼的金額而定；(4)突然地採用氣候變遷減緩政策，則碳密集部門會遭受限制而產生擱淺資產(stranded asset)，進一步對經濟與金融體系有外溢效果。
F0061,環境,生物多樣性風險,生物多樣性風險指的企業營運活動可能造成生物物種的多樣性受到威脅或損害的可能性。,生物多樣性風險,生物多樣性的風險多存在於採礦、林業和農業等產業，其商業行為經常導致環境惡化、供應鏈中斷等，導致企業面臨重大營運風險。因此，企業應主動將生物多樣性納入風險管理。生物多樣性風險分為兩個層面：(一）實體風險：是對有形資產的損害，例如農業因昆蟲授粉減少導致遺傳生物多樣性降低。（二）轉型風險：包括政策、法律和技術變化造成的財務影響，例如許多國家針對生物多樣性規劃新的監管方針，規定特定土地的商業用途、增加稅收等。
F0063,社會,地緣政治風險,地緣政治風險就是指因為不同國家之間的政治情勢或政治衝突，可能對企業、國家或全球經濟產生的風險。,跨國經營風險/地緣政治風險/國家風險/反恐風險/中美貿易戰關稅風險/政治情勢風險/亞太區域經濟風險,地緣政治風險是指由於國際間地緣政治因素，如戰爭、政治衝突、貿易壁壘等所帶來的對企業、國家或全球經濟的風險。（一）戰爭和武裝衝突風險：國際衝突或內戰可能導致財產損失、生命危險以及企業營運中斷。（二）政治不穩定風險：政治騷動、政府更迭或政策變更可能影響企業的運營環境和市場穩定性。（三）貿易壁壘風險：貿易摩擦、貿易限制或貿易戰爭可能導致跨國企業的進出口受阻，影響市場份額和收益。（四）外國投資風險：政府對外國投資的限制或變更可能影響企業的投資計劃和營運策略。（五）外交關係惡化風險：外交緊張局勢或國際關係惡化可能影響企業在該國的運營及未來計劃。